{"packages":[],"notify-batch":"https://packagist.org/downloads/","providers-url":"/p/%package%$%hash%.json","metadata-url":"/p2/%package%.json","metadata-changes-url":"https://packagist.org/metadata/changes.json","search":"https://packagist.org/search.json?q=%query%&type=%type%","list":"https://packagist.org/packages/list.json","security-advisories":{"metadata":true,"api-url":"https://packagist.org/api/security-advisories/","query-all":true},"providers-api":"https://packagist.org/providers/%package%.json","warning":"Support for Composer 1 is deprecated and some packages will not be available. You should upgrade to Composer 2. See https://blog.packagist.com/deprecating-composer-1-support/","warning-versions":"<1.99","info":"\u001b[37;44m#StandWith\u001b[30;43mUkraine\u001b[0m","provider-includes":{"p/provider-2013$%hash%.json":{"sha256":"ebe1e6ed9b00918c1f682adeb17e75bf4a0781c223d6a8d6d1a2c26e92288968"},"p/provider-2014$%hash%.json":{"sha256":"19f7415c39d778db741e06a01622439e2ff49dc098bd7fe888f5041c2491ce3c"},"p/provider-2015$%hash%.json":{"sha256":"290670b85dec6b4dddd99f56954ef8b318922cd0edcd2e2a83cbdef4fe9466b0"},"p/provider-2016$%hash%.json":{"sha256":"97212fd9626a6bbdb6ad44e1c538016b8eb5fd8bc94d4c3228ed5fe8aeef004e"},"p/provider-2017$%hash%.json":{"sha256":"e5ecc4b7d8c5d45933c6f9653ba32d2aea0761078f43c6ae801792aae2c7c2ff"},"p/provider-2018$%hash%.json":{"sha256":"3cb14e2aa6fc9310721f98c0f3ac702817fb19e2c14ba178a56cad7f395ddacb"},"p/provider-2019$%hash%.json":{"sha256":"c619d1bd3fb8ac9c0b927f93b41b020e821117498e193b1ad4c2249e055fa0d3"},"p/provider-2020$%hash%.json":{"sha256":"688a3de0fb02c76cb16449ef98bfe608b68340a2456b1704c404afab0765b3c7"},"p/provider-2021$%hash%.json":{"sha256":"457a22cb776002609a7658368dc1a91809c9a9d78d8f406fa45e6285e783f2c9"},"p/provider-2022$%hash%.json":{"sha256":"310394506824906dcf867d26b360ebbee4da03785f3d5eabd051e1c0874f0b4b"},"p/provider-2022-07$%hash%.json":{"sha256":"173234331f971f98bdb6258a18364621d6c9f5a5916cf1620f805aa843b2955e"},"p/provider-2022-10$%hash%.json":{"sha256":"b5ddb947ca72a01e5e013af24a079d0e55d3d17e96daffd53881d2bf96a246a0"},"p/provider-2023-01$%hash%.json":{"sha256":"1364659508ff56fd5fa373464b81d9492b63cd98d07880a3b49ee19ec613db67"},"p/provider-2023-04$%hash%.json":{"sha256":"cb1f3e3a16fbf68eb7c0175bd3689073baf3fdaa48a5834d54451cc6d1ec42d2"},"p/provider-archived$%hash%.json":{"sha256":"8c482fa42f3dfdf6ac99d84747a884737bfac0a918bb3045ebb4756e2156a722"},"p/provider-latest$%hash%.json":{"sha256":"e667948556c557ac273404a2c859c57d6c2ddd74c4c97e0c153817186259dec2"}}}